n,Baseline,Dask_1,Dask_2,Dask_4,Dask_8
100000,0.004337083024438471,0.18919829098740593,0.0018705420079641044,0.0022784590255469084,0.0028027499793097377
1000000,0.020486125024035573,0.020591916982084513,0.015143791970331222,0.012010624981485307,0.010851875005755574
10000000,0.21592008299194276,0.20048600004520267,0.140729041013401,0.1257520830258727,0.10536420799326152
